key,en,bg
brand.name,prioritet-zdrave,
nav.main,Main,
nav.home,Home,
nav.about,About,
nav.recipes,Recipes,
nav.startHere,Start here,
nav.search,Search,
nav.menu,Open menu,
hero.slogan,"Prioritize your health, one simple step at a time.",
hero.tile.oils,Essential oils,
hero.tile.recipes,Recipes,
hero.tile.movement,Movement,
hero.tile.stories,Stories,
topic.bloodSugar,Blood sugar,
topic.sleep,Sleep,
topic.stress,Stress,
topic.back,Back & mobility,
topic.energy,Energy,
topic.digestion,Digestion,
topic.everyday,Everyday,
topic.mostLoved,Most loved,
footer.disclaimer,For education only. Not medical advice.,
about.title,About,
about.body,"Prioritet Zdrave is a home for practical everyday health ideas: oils, food, movement, and stories. This page is a placeholder while the library grows.",
recipes.title,Recipes,
recipes.body,Food and recipe posts will be listed here. For now use Search and pick the Recipes format.,
startHere.title,Start here,
startHere.body,A short questionnaire will live here. It will open a search that matches your answers. That flow is not ready yet.,
search.title,Search,
search.intro,A post is shown only when it matches every filter you select.,
search.type,Type,
search.focus,Focus,
search.also,Also,
search.anyType,Any type,
search.submit,Search,
search.empty,No posts match these filters.,
search.resultCount,{count} posts,
post.back,Back to search,
notFound.title,Page not found,
notFound.body,That page is not on this site.,
